Measurement,Entropy 0,Entropy 1,Entropy 2,Entropy 3,Entropy 4,Entropy 5,Entropy 6
Cumulative Scale Entropy,2.220446049250313e-16,2.220446049250313e-16,2.220446049250313e-16,2.220446049250313e-16,,,
Inverse Cumulative Scale Entropy,2.220446049250313e-16,2.220446049250313e-16,2.220446049250313e-16,2.220446049250313e-16,,,
Cumulative x-coord Entropy,-2.2204460492503128e-16,-2.2204460492503128e-16,-2.2204460492503128e-16,-2.2204460492503128e-16,,,
Inverse cumulative x-coord Entropy,-2.2204460492503128e-16,-2.2204460492503128e-16,-2.2204460492503128e-16,-2.2204460492503128e-16,,,
Cumulative y-coord Entropy,-2.2204460492503128e-16,-2.2204460492503128e-16,-2.2204460492503128e-16,-2.2204460492503128e-16,,,
Inverse cumulative y-coord Entropy,-2.2204460492503128e-16,-2.2204460492503128e-16,-2.2204460492503128e-16,-2.2204460492503128e-16,,,
