Measurement,Entropy 0,Entropy 1,Entropy 2,Entropy 3,Entropy 4,Entropy 5,Entropy 6,Entropy 7
CumScales,0.26893352618430344,0.559850041988012,0.8267268213209167,1.0101361910545172,1.0101361910545172,1.0395425339849527,0.7229416863492407,0.5885399230482578
Scales,0.26893352618430344,0.468025541840572,0.6514337612497683,0.8243851443610715,0.847163836802842,0.6671752062213966,0.702802877115305,0.5885399230482578
Coords,0.5272697219331876,1.0568380452647168,1.319366965040914,1.2504719008488407,1.2504719008488407,1.252829082374148,1.1223700040033555,0.6398552754667148
